,Red,Bktk
0,116.58191633224487,118.99174952507019
